<?xml version="1.0" encoding="UTF-8"?>
<project-private xmlns="http://www.netbeans.org/ns/project-private/1">
    <editor-bookmarks xmlns="http://www.netbeans.org/ns/editor-bookmarks/2" lastBookmarkId="1">
        <file>
            <url>src/Forms/MenuFrame.java</url>
            <bookmark id="1">
                <name/>
                <line>41</line>
                <key/>
            </bookmark>
        </file>
    </editor-bookmarks>
    <open-files xmlns="http://www.netbeans.org/ns/projectui-open-files/2">
        <group>
            <file>file:/E:/Files/School/Database/CODE/LibrarySystem/src/Forms/menuDBAlgo.java</file>
            <file>file:/E:/Files/School/Database/CODE/LibrarySystem/src/Forms/LoginFrame.java</file>
            <file>file:/E:/Files/School/Database/CODE/LibrarySystem/src/Forms/DeleteBookFrame.java</file>
            <file>file:/E:/Files/School/Database/CODE/LibrarySystem/src/Forms/AddBookFrame.java</file>
            <file>file:/E:/Files/School/Database/CODE/LibrarySystem/src/Forms/EditBookFrame.java</file>
            <file>file:/E:/Files/School/Database/CODE/LibrarySystem/src/Forms/MainClass.java</file>
            <file>file:/E:/Files/School/Database/CODE/LibrarySystem/src/Forms/MenuFrame.java</file>
        </group>
    </open-files>
</project-private>
